Quarter,Product_A,Product_B,Product_C,Product_D,Total_Sales_Per_Quarter
Q1,76.0,34.666666666666664,36.666666666666664,32.0,538
Q2,74.66666666666667,61.666666666666664,39.333333333333336,26.333333333333332,606
Q3,73.0,59.333333333333336,51.0,22.666666666666668,618
Q4,79.66666666666667,62.333333333333336,30.333333333333332,37.666666666666664,630
